{
  "weights": [
    0.26374309830671855,
    0.5212675811759196,
    -0.1036153280840099,
    0.17522427771730842,
    0.45627310344681743
  ],
  "epsilon": 0.02,
  "episode_count": 800,
  "alpha": 0.05,
  "gamma": 0.95
}