{
  "weights": [
    0.3176287923567234,
    0.5979227414144144,
    0.17805551181352836,
    0.15719474258776797,
    0.4855454061240717
  ],
  "epsilon": 0.055573049960186756,
  "episode_count": 300,
  "alpha": 0.05,
  "gamma": 0.95
}