{
  "weights": [
    0.7988278339911566,
    0.8741224927285342,
    -0.24784990631756754,
    0.09963015223013014,
    0.11141744936282053
  ],
  "epsilon": 0.02,
  "episode_count": 1000,
  "alpha": 0.05,
  "gamma": 0.95
}