{
  "weights": [
    -0.06537202740050269,
    0.5723842836554482,
    0.15598686068382084,
    0.19244400313491603,
    0.48955548515667396
  ],
  "epsilon": 0.02,
  "episode_count": 800,
  "alpha": 0.05,
  "gamma": 0.95
}